{
  "intergenic": {
    "c_t": {
      "mean": 30.659692764282227,
      "sd": 4.434887886047363
    },
    "oscil": {
      "mean": 0.18847070634365082,
      "sd": 0.7313409447669983
    },
    "n_enter": {
      "mean": 0.17425398528575897,
      "sd": 0.5162619352340698
    },
    "n_exit": {
      "mean": 0.13416537642478943,
      "sd": 0.4886600971221924
    },
    "below_frac": {
      "mean": 0.008440125733613968,
      "sd": 0.02750200405716896
    },
    "min_D": {
      "mean": 0.46401986479759216,
      "sd": 0.05084742233157158
    }
  },
  "intron": {
    "c_t": {
      "mean": 30.119144439697266,
      "sd": 5.226731300354004
    },
    "oscil": {
      "mean": 0.2754534184932709,
      "sd": 0.8682655096054077
    },
    "n_enter": {
      "mean": 0.20373161137104034,
      "sd": 0.5838707685470581
    },
    "n_exit": {
      "mean": 0.1952587217092514,
      "sd": 0.579483151435852
    },
    "below_frac": {
      "mean": 0.00957372784614563,
      "sd": 0.032208818942308426
    },
    "min_D": {
      "mean": 0.4643472731113434,
      "sd": 0.0504283607006073
    }
  },
  "coding_exon": {
    "c_t": {
      "mean": 30.310020446777344,
      "sd": 4.156364917755127
    },
    "oscil": {
      "mean": 0.17817208170890808,
      "sd": 0.6782945394515991
    },
    "n_enter": {
      "mean": 0.5571169257164001,
      "sd": 0.5932953357696533
    },
    "n_exit": {
      "mean": 0.12966801226139069,
      "sd": 0.46144577860832214
    },
    "below_frac": {
      "mean": 0.03519756719470024,
      "sd": 0.042728058993816376
    },
    "min_D": {
      "mean": 0.3722558617591858,
      "sd": 0.10628964751958847
    }
  },
  "5utr": {
    "c_t": {
      "mean": 30.15032958984375,
      "sd": 5.0556535720825195
    },
    "oscil": {
      "mean": 0.2644088864326477,
      "sd": 0.841989278793335
    },
    "n_enter": {
      "mean": 0.24330610036849976,
      "sd": 0.5923750996589661
    },
    "n_exit": {
      "mean": 0.18873383104801178,
      "sd": 0.5650051832199097
    },
    "below_frac": {
      "mean": 0.01349061168730259,
      "sd": 0.037893783301115036
    },
    "min_D": {
      "mean": 0.46056294441223145,
      "sd": 0.06819109618663788
    }
  },
  "3utr": {
    "c_t": {
      "mean": 29.6907958984375,
      "sd": 5.539931297302246
    },
    "oscil": {
      "mean": 0.33059099316596985,
      "sd": 0.9421390891075134
    },
    "n_enter": {
      "mean": 0.32980582118034363,
      "sd": 0.6609734892845154
    },
    "n_exit": {
      "mean": 0.23423455655574799,
      "sd": 0.6269293427467346
    },
    "below_frac": {
      "mean": 0.017984800040721893,
      "sd": 0.04083116725087166
    },
    "min_D": {
      "mean": 0.44320008158683777,
      "sd": 0.07806801050901413
    }
  },
  "splice_donor": {
    "c_t": {
      "mean": 28.38787841796875,
      "sd": 6.590144634246826
    },
    "oscil": {
      "mean": 0.5004329085350037,
      "sd": 1.108009934425354
    },
    "n_enter": {
      "mean": 0.5541125535964966,
      "sd": 0.7512946724891663
    },
    "n_exit": {
      "mean": 0.3549783527851105,
      "sd": 0.7391379475593567
    },
    "below_frac": {
      "mean": 0.029058441519737244,
      "sd": 0.044072601944208145
    },
    "min_D": {
      "mean": 0.40471214056015015,
      "sd": 0.0948324128985405
    }
  },
  "splice_acceptor": {
    "c_t": {
      "mean": 28.167282104492188,
      "sd": 6.7523064613342285
    },
    "oscil": {
      "mean": 0.5831792950630188,
      "sd": 1.2440474033355713
    },
    "n_enter": {
      "mean": 0.6571164727210999,
      "sd": 0.8022806644439697
    },
    "n_exit": {
      "mean": 0.39926064014434814,
      "sd": 0.8112982511520386
    },
    "below_frac": {
      "mean": 0.03800831735134125,
      "sd": 0.05231365188956261
    },
    "min_D": {
      "mean": 0.3914376497268677,
      "sd": 0.10067742317914963
    }
  }
}