{
  "grand_total_positions": 2937756000,
  "wgs_per_context": [
    {
      "context": "intron",
      "n": 1669197918,
      "mean_amplitude": 0.003671033041127394,
      "mean_amplitude_std_across_chr": 0.0004091084992978722,
      "mean_argmin_layer": 24.447821427848197,
      "mean_argmin_layer_std_across_chr": 0.35669584839104357,
      "frac_committed": 0.008492918573122735,
      "frac_committed_std_across_chr": 0.001678609386832441,
      "frac_dipped": 0.04419804997624015,
      "frac_dipped_std_across_chr": 0.00450389068666758,
      "frac_deliberating": 0.11542695681699262,
      "frac_deliberating_std_across_chr": 0.011716509353889609,
      "frac_crosses": 0.12391987539011536,
      "frac_crosses_std_across_chr": 0.012068614809807116,
      "frac_late_argmin": 0.6022850976261522,
      "frac_late_argmin_std_across_chr": 0.02488625818628695,
      "frac_early_argmin": 8.866533944478596e-07,
      "frac_early_argmin_std_across_chr": 1.2874579663589742e-07,
      "frac_broad_commit": 0.024586222854370947,
      "frac_broad_commit_std_across_chr": 0.0024574244821064448
    },
    {
      "context": "splice_donor",
      "n": 624245,
      "mean_amplitude": 0.03382629902620577,
      "mean_amplitude_std_across_chr": 0.003870382672175765,
      "mean_argmin_layer": 23.458467428653815,
      "mean_argmin_layer_std_across_chr": 0.3851738168109563,
      "frac_committed": 0.21402814600036846,
      "frac_committed_std_across_chr": 0.028586793078139064,
      "frac_dipped": 0.07046912670505971,
      "frac_dipped_std_across_chr": 0.00800925817373174,
      "frac_deliberating": 0.19031950596320354,
      "frac_deliberating_std_across_chr": 0.019228109256132105,
      "frac_crosses": 0.404347651963572,
      "frac_crosses_std_across_chr": 0.021909973862403932,
      "frac_late_argmin": 0.525388269028987,
      "frac_late_argmin_std_across_chr": 0.027918927091052037,
      "frac_early_argmin": 0.0,
      "frac_early_argmin_std_across_chr": 0.0,
      "frac_broad_commit": 0.04462030132399939,
      "frac_broad_commit_std_across_chr": 0.007694946041966138
    },
    {
      "context": "splice_acceptor",
      "n": 610208,
      "mean_amplitude": 0.04353907473701546,
      "mean_amplitude_std_across_chr": 0.006051257252693176,
      "mean_argmin_layer": 23.314766440295767,
      "mean_argmin_layer_std_across_chr": 0.5198498472195333,
      "frac_committed": 0.2534185064764802,
      "frac_committed_std_across_chr": 0.04528326699003384,
      "frac_dipped": 0.06309979547957417,
      "frac_dipped_std_across_chr": 0.007049588151436527,
      "frac_deliberating": 0.24571785358435155,
      "frac_deliberating_std_across_chr": 0.02150194449509009,
      "frac_crosses": 0.49913636006083173,
      "frac_crosses_std_across_chr": 0.03398707211621015,
      "frac_late_argmin": 0.5139853951439509,
      "frac_late_argmin_std_across_chr": 0.035418538214439056,
      "frac_early_argmin": 0.0,
      "frac_early_argmin_std_across_chr": 0.0,
      "frac_broad_commit": 0.08887297446116733,
      "frac_broad_commit_std_across_chr": 0.015546352304442852
    },
    {
      "context": "coding_exon",
      "n": 26451317,
      "mean_amplitude": 0.0570162341745778,
      "mean_amplitude_std_across_chr": 0.004416594747453928,
      "mean_argmin_layer": 27.562276539954514,
      "mean_argmin_layer_std_across_chr": 0.3082177943357379,
      "frac_committed": 0.429814553279143,
      "frac_committed_std_across_chr": 0.028180836245792495,
      "frac_dipped": 0.03763612223920646,
      "frac_dipped_std_across_chr": 0.005990060140905936,
      "frac_deliberating": 0.08402481434100238,
      "frac_deliberating_std_across_chr": 0.012704732396094489,
      "frac_crosses": 0.5138393676201454,
      "frac_crosses_std_across_chr": 0.027235926155395232,
      "frac_late_argmin": 0.8029572969844941,
      "frac_late_argmin_std_across_chr": 0.024956211624476737,
      "frac_early_argmin": 3.780530096100697e-08,
      "frac_early_argmin_std_across_chr": 1.5495893066839408e-07,
      "frac_broad_commit": 0.03275712131838275,
      "frac_broad_commit_std_across_chr": 0.00489967598770389
    },
    {
      "context": "3utr",
      "n": 50075413,
      "mean_amplitude": 0.015498177182496697,
      "mean_amplitude_std_across_chr": 0.0021928241476416588,
      "mean_argmin_layer": 24.219394136599533,
      "mean_argmin_layer_std_across_chr": 0.5785090731563207,
      "frac_committed": 0.09323575623829602,
      "frac_committed_std_across_chr": 0.018333421395443878,
      "frac_dipped": 0.054756113544185844,
      "frac_dipped_std_across_chr": 0.006692837755234356,
      "frac_deliberating": 0.1429899140322617,
      "frac_deliberating_std_across_chr": 0.02055190093754318,
      "frac_crosses": 0.23622567027055774,
      "frac_crosses_std_across_chr": 0.02043202736740277,
      "frac_late_argmin": 0.5694136162192013,
      "frac_late_argmin_std_across_chr": 0.042433343568318134,
      "frac_early_argmin": 5.391867661680594e-07,
      "frac_early_argmin_std_across_chr": 7.459927036917364e-07,
      "frac_broad_commit": 0.03955140619609068,
      "frac_broad_commit_std_across_chr": 0.005520026404739627
    },
    {
      "context": "5utr",
      "n": 10058124,
      "mean_amplitude": 0.009918785077252744,
      "mean_amplitude_std_across_chr": 0.0013191835023462772,
      "mean_argmin_layer": 24.63534601482344,
      "mean_argmin_layer_std_across_chr": 0.39450094768986144,
      "frac_committed": 0.05711760960592651,
      "frac_committed_std_across_chr": 0.013844740952561009,
      "frac_dipped": 0.04659387774499499,
      "frac_dipped_std_across_chr": 0.006297301683074488,
      "frac_deliberating": 0.11611638512311043,
      "frac_deliberating_std_across_chr": 0.015323238797470638,
      "frac_crosses": 0.17323399472903694,
      "frac_crosses_std_across_chr": 0.011849079695392013,
      "frac_late_argmin": 0.596295193815467,
      "frac_late_argmin_std_across_chr": 0.02879429536141746,
      "frac_early_argmin": 9.942211887624372e-08,
      "frac_early_argmin_std_across_chr": 3.4941277051368646e-07,
      "frac_broad_commit": 0.033780752752700205,
      "frac_broad_commit_std_across_chr": 0.004318770016609401
    },
    {
      "context": "intergenic",
      "n": 1180738775,
      "mean_amplitude": 0.003821862074539558,
      "mean_amplitude_std_across_chr": 0.0013208882883191109,
      "mean_argmin_layer": 25.529486442079453,
      "mean_argmin_layer_std_across_chr": 0.4706656717631183,
      "frac_committed": 0.03586742461303517,
      "frac_committed_std_across_chr": 0.019982078736890275,
      "frac_dipped": 0.03271878828574932,
      "frac_dipped_std_across_chr": 0.004620273925395303,
      "frac_deliberating": 0.08050953692106876,
      "frac_deliberating_std_across_chr": 0.012707174126558664,
      "frac_crosses": 0.11637696153410393,
      "frac_crosses_std_across_chr": 0.018858746489681,
      "frac_late_argmin": 0.6828839367962656,
      "frac_late_argmin_std_across_chr": 0.03305297505095624,
      "frac_early_argmin": 9.096000086894749e-07,
      "frac_early_argmin_std_across_chr": 2.428469363679428e-07,
      "frac_broad_commit": 0.015414882940555586,
      "frac_broad_commit_std_across_chr": 0.00249212596852895
    }
  ],
  "runtime_sec": 331.2792875766754
}