{
  "reference": "intron",
  "n_reference": 110637,
  "contexts": {
    "splice_donor": {
      "n": 440,
      "oscil": {
        "mean": 0.45,
        "median": 0.0,
        "ref_mean": 0.2887460795213175,
        "cohen_d_vs_ref": 0.1803395110610142,
        "mwu_p": 3.1304473166409385e-08,
        "delta_mean": 0.16125392047868253
      },
      "n_enter": {
        "mean": 0.525,
        "median": 0.0,
        "ref_mean": 0.20622395762719525,
        "cohen_d_vs_ref": 0.5348665739971553,
        "mwu_p": 8.825133029982137e-64,
        "delta_mean": 0.31877604237280477
      },
      "n_exit": {
        "mean": 0.32727272727272727,
        "median": 0.0,
        "ref_mean": 0.20359373446496198,
        "cohen_d_vs_ref": 0.20801573648279767,
        "mwu_p": 3.2456777209256494e-08,
        "delta_mean": 0.12367899280776529
      },
      "below_frac": {
        "mean": 0.028338068181818183,
        "median": 0.0,
        "ref_mean": 0.009485411751945552,
        "cohen_d_vs_ref": 0.5850525052000991,
        "mwu_p": 1.1047900481002629e-71,
        "delta_mean": 0.018852656429872633
      },
      "c_t": {
        "mean": 28.53181818181818,
        "median": 32.0,
        "ref_mean": 30.076393973083146,
        "cohen_d_vs_ref": -0.2923648779552126,
        "mwu_p": 5.115290825328236e-60,
        "delta_mean": -1.5445757912649647
      },
      "min_D": {
        "mean": 0.4091544411399148,
        "median": 0.4180908203125,
        "ref_mean": 0.46578461390946574,
        "cohen_d_vs_ref": -1.1147506016062136,
        "mwu_p": 4.2322238349344075e-47,
        "delta_mean": -0.05663017276955096
      }
    },
    "splice_acceptor": {
      "n": 390,
      "oscil": {
        "mean": 0.7384615384615385,
        "median": 0.0,
        "ref_mean": 0.2887460795213175,
        "cohen_d_vs_ref": 0.5023984373306064,
        "mwu_p": 3.769598032443647e-36,
        "delta_mean": 0.449715458940221
      },
      "n_enter": {
        "mean": 0.5923076923076923,
        "median": 0.0,
        "ref_mean": 0.20622395762719525,
        "cohen_d_vs_ref": 0.6472737731776207,
        "mwu_p": 7.910728944948473e-54,
        "delta_mean": 0.38608373468049706
      },
      "n_exit": {
        "mean": 0.5307692307692308,
        "median": 0.0,
        "ref_mean": 0.20359373446496198,
        "cohen_d_vs_ref": 0.5497450310761473,
        "mwu_p": 4.657607155717884e-36,
        "delta_mean": 0.3271754963042688
      },
      "below_frac": {
        "mean": 0.02996794871794872,
        "median": 0.0,
        "ref_mean": 0.009485411751945552,
        "cohen_d_vs_ref": 0.6349622458992815,
        "mwu_p": 1.977192238495728e-56,
        "delta_mean": 0.02048253696600317
      },
      "c_t": {
        "mean": 26.77948717948718,
        "median": 32.0,
        "ref_mean": 30.076393973083146,
        "cohen_d_vs_ref": -0.6235414720118009,
        "mwu_p": 8.166587879610753e-53,
        "delta_mean": -3.2969067935959657
      },
      "min_D": {
        "mean": 0.4203801081730769,
        "median": 0.4151611328125,
        "ref_mean": 0.46578461390946574,
        "cohen_d_vs_ref": -0.8964442318241336,
        "mwu_p": 2.9273371866463575e-47,
        "delta_mean": -0.04540450573638882
      }
    },
    "coding_exon": {
      "n": 8840,
      "oscil": {
        "mean": 0.16346153846153846,
        "median": 0.0,
        "ref_mean": 0.2887460795213175,
        "cohen_d_vs_ref": -0.14280854619109895,
        "mwu_p": 1.0883174408221626e-26,
        "delta_mean": -0.12528454105977901
      },
      "n_enter": {
        "mean": 0.23020361990950225,
        "median": 0.0,
        "ref_mean": 0.20622395762719525,
        "cohen_d_vs_ref": 0.04065127548248952,
        "mwu_p": 1.6986029706530163e-57,
        "delta_mean": 0.023979662282306996
      },
      "n_exit": {
        "mean": 0.12296380090497737,
        "median": 0.0,
        "ref_mean": 0.20359373446496198,
        "cohen_d_vs_ref": -0.1379993975589362,
        "mwu_p": 1.0896700582754464e-26,
        "delta_mean": -0.08062993355998462
      },
      "below_frac": {
        "mean": 0.013511029411764706,
        "median": 0.0,
        "ref_mean": 0.009485411751945552,
        "cohen_d_vs_ref": 0.12453766764759663,
        "mwu_p": 1.419814996450979e-77,
        "delta_mean": 0.004025617659819155
      },
      "c_t": {
        "mean": 30.62635746606335,
        "median": 32.0,
        "ref_mean": 30.076393973083146,
        "cohen_d_vs_ref": 0.1055787495746824,
        "mwu_p": 2.127824470476613e-49,
        "delta_mean": 0.5499634929802042
      },
      "min_D": {
        "mean": 0.4409623159002934,
        "median": 0.44775390625,
        "ref_mean": 0.46578461390946574,
        "cohen_d_vs_ref": -0.481569934855041,
        "mwu_p": 0.0,
        "delta_mean": -0.02482229800917235
      }
    },
    "intergenic": {
      "n": 113633,
      "oscil": {
        "mean": 0.15500778823053163,
        "median": 0.0,
        "ref_mean": 0.2887460795213175,
        "cohen_d_vs_ref": -0.1714400246307047,
        "mwu_p": 0.0,
        "delta_mean": -0.13373829129078585
      },
      "n_enter": {
        "mean": 0.1517868928920296,
        "median": 0.0,
        "ref_mean": 0.20622395762719525,
        "cohen_d_vs_ref": -0.1014487985156279,
        "mwu_p": 1.0562363860246813e-29,
        "delta_mean": -0.05443706473516566
      },
      "n_exit": {
        "mean": 0.11267853528464443,
        "median": 0.0,
        "ref_mean": 0.20359373446496198,
        "cohen_d_vs_ref": -0.17413446175286496,
        "mwu_p": 0.0,
        "delta_mean": -0.09091519918031755
      },
      "below_frac": {
        "mean": 0.0075550236286994095,
        "median": 0.0,
        "ref_mean": 0.009485411751945552,
        "cohen_d_vs_ref": -0.06596516065904501,
        "mwu_p": 1.6526746632711223e-19,
        "delta_mean": -0.0019303881232461424
      },
      "c_t": {
        "mean": 30.838964033335387,
        "median": 32.0,
        "ref_mean": 30.076393973083146,
        "cohen_d_vs_ref": 0.16154463633505817,
        "mwu_p": 7.617552327752593e-35,
        "delta_mean": 0.7625700602522407
      },
      "min_D": {
        "mean": 0.463656836351731,
        "median": 0.4736328125,
        "ref_mean": 0.46578461390946574,
        "cohen_d_vs_ref": -0.04322589406642846,
        "mwu_p": 1.8691967402979187e-74,
        "delta_mean": -0.0021277775577347446
      }
    }
  },
  "oscil_distribution_per_context": {
    "intron": {
      "0": 97532,
      "1": 4822,
      "2": 1,
      "3": 7144,
      "5": 1138
    },
    "splice_donor": {
      "0": 349,
      "1": 41,
      "2": 1,
      "3": 45,
      "5": 4
    },
    "splice_acceptor": {
      "0": 262,
      "1": 55,
      "2": 1,
      "3": 64,
      "4": 1,
      "5": 7
    },
    "coding_exon": {
      "0": 8111,
      "1": 402,
      "3": 296,
      "5": 31
    },
    "intergenic": {
      "0": 105639,
      "1": 3732,
      "3": 3714,
      "5": 548
    }
  },
  "verdict_H3a": {
    "splice_donor": {
      "H3a_positive": true,
      "cohen_d": 0.1803395110610142,
      "p_value": 3.1304473166409385e-08
    },
    "splice_acceptor": {
      "H3a_positive": true,
      "cohen_d": 0.5023984373306064,
      "p_value": 3.769598032443647e-36
    }
  }
}