{
  "cohort": {
    "n": 8008,
    "n_pos": 3514,
    "n_neg": 4494
  },
  "auroc_32d_cos": {
    "mean": 0.8437090861549844,
    "std": 0.02131752604852649,
    "ci95": [
      0.8304619387546587,
      0.8558461929615782
    ],
    "per_fold": [
      0.8580056980056979,
      0.8449952516619184,
      0.8167204811649257,
      0.8239062994618551,
      0.8120507693865155,
      0.8546517513666735,
      0.8531775156914355,
      0.8326900688398461,
      0.870950957810646,
      0.8699420681603309
    ],
    "n_folds": 10,
    "seed": 42,
    "paper_target": 0.844
  },
  "best_single_layer_cos": {
    "layer": 30,
    "auroc": 0.7290622330161429,
    "paper_target": 0.729,
    "paper_target_layer": 30
  },
  "per_layer_aurocs_cos": {
    "0": 0.5211557840090382,
    "1": 0.5569198599696928,
    "2": 0.5878516107295647,
    "3": 0.5942757660632877,
    "4": 0.5533863939564106,
    "5": 0.5154445302731309,
    "6": 0.4675989665042034,
    "7": 0.5955117335978198,
    "8": 0.5279244833983141,
    "9": 0.5090537223403778,
    "10": 0.5728393742091311,
    "11": 0.596916480299925,
    "12": 0.5551768667887511,
    "13": 0.6152711313222325,
    "14": 0.6430138078711916,
    "15": 0.606116051792617,
    "16": 0.5933641724704581,
    "17": 0.6466003967139207,
    "18": 0.6827362479979716,
    "19": 0.659958712756535,
    "20": 0.6679770141316014,
    "21": 0.6871252889637881,
    "22": 0.6395090856710814,
    "23": 0.5754024205708503,
    "24": 0.6122331057411019,
    "25": 0.5655638609931637,
    "26": 0.6333867647791183,
    "27": 0.7144061285655878,
    "28": 0.698651970809466,
    "29": 0.6040386744758033,
    "30": 0.7290622330161429,
    "31": 0.7290622330161429
  },
  "runtime_sec": 1.1110308170318604
}