{
  "cohort": {
    "n": 8008,
    "n_pos": 3514,
    "n_neg": 4494
  },
  "unique_argmax_layers": 28,
  "best_fixed_layer": 30,
  "per_layer_auroc": {
    "0": 0.5211557840090382,
    "1": 0.5569198599696928,
    "2": 0.5878516107295647,
    "3": 0.5942757660632877,
    "4": 0.5533863939564106,
    "5": 0.5154445302731309,
    "6": 0.4675989665042034,
    "7": 0.5955117335978198,
    "8": 0.5279244833983141,
    "9": 0.5090537223403778,
    "10": 0.5728393742091311,
    "11": 0.596916480299925,
    "12": 0.5551768667887511,
    "13": 0.6152711313222325,
    "14": 0.6430138078711916,
    "15": 0.606116051792617,
    "16": 0.5933641724704581,
    "17": 0.6466003967139207,
    "18": 0.6827362479979716,
    "19": 0.659958712756535,
    "20": 0.6679770141316014,
    "21": 0.6871252889637881,
    "22": 0.6395090856710814,
    "23": 0.5754024205708503,
    "24": 0.6122331057411019,
    "25": 0.5655638609931637,
    "26": 0.6333867647791183,
    "27": 0.7144061285655878,
    "28": 0.698651970809466,
    "29": 0.6040386744758033,
    "30": 0.7290622330161429,
    "31": 0.7290622330161429
  },
  "features_auroc": {
    "32d_cos_vector (paper baseline)": {
      "mean": 0.8437090861549844,
      "std": 0.02131752604852649,
      "ci95": [
        0.8304619387546587,
        0.8558461929615782
      ],
      "per_fold": [
        0.8580056980056979,
        0.8449952516619184,
        0.8167204811649257,
        0.8239062994618551,
        0.8120507693865155,
        0.8546517513666735,
        0.8531775156914355,
        0.8326900688398461,
        0.870950957810646,
        0.8699420681603309
      ]
    },
    "argmax_layer_value (H2a)": {
      "mean": 0.5518442549034915,
      "std": 0.02442663532845755,
      "ci95": [
        0.5374885684898336,
        0.5651982126728855
      ],
      "per_fold": [
        0.5525419436530548,
        0.5937258626147515,
        0.5583634061411838,
        0.550997150997151,
        0.532553401498279,
        0.56962441789836,
        0.5333569548491598,
        0.5621203684956468,
        0.5034740068147641,
        0.5616850360725639
      ]
    },
    "abs(argmax_layer_value)": {
      "mean": 0.6880264261181732,
      "std": 0.01873702136357556,
      "ci95": [
        0.6772362222683933,
        0.6985248900352502
      ],
      "per_fold": [
        0.7010826210826211,
        0.7063564419119974,
        0.6648433048433048,
        0.6699145299145298,
        0.6960670176149018,
        0.6768386819194169,
        0.6805084531281637,
        0.6675693460214619,
        0.7203979720683507,
        0.6966858926769839
      ]
    },
    "max_abs_dD_precomputed": {
      "mean": 0.7868273161599689,
      "std": 0.018562659310445043,
      "ci95": [
        0.7754787221032333,
        0.7970900442939876
      ],
      "per_fold": [
        0.7818043684710351,
        0.7954542576764799,
        0.7682937638493195,
        0.7529028173472619,
        0.7999405243976514,
        0.8066789835999191,
        0.7778712796112573,
        0.7746633933994735,
        0.80907873780925,
        0.8015850354380422
      ]
    },
    "signed_argmax_precomputed": {
      "mean": 0.5972269868720005,
      "std": 0.03196032496975586,
      "ci95": [
        0.5790064857122276,
        0.6144403100400463
      ],
      "per_fold": [
        0.5986831275720165,
        0.637340930674264,
        0.6117062361506805,
        0.5875910098132321,
        0.5625632719173922,
        0.6342630087062158,
        0.5911938145373558,
        0.6138578153472363,
        0.531272406550803,
        0.6037982474508086
      ]
    },
    "best_fixed_layer L=30": {
      "mean": 0.7290622330161429,
      "std": 0.017228821519900076,
      "ci95": [
        0.7174117805108722,
        0.7374929493304385
      ],
      "per_fold": [
        0.7353846153846153,
        0.7337258626147515,
        0.7250585628363406,
        0.7307565685343462,
        0.6849849412836606,
        0.7395126796922454,
        0.734884338935007,
        0.7505567928730512,
        0.7323587078598215,
        0.7233992601475898
      ]
    },
    "argmax_layer + Evo2_LL ensemble": {
      "mean": 0.7509805638203622,
      "std": 0.021239264756813904,
      "ci95": [
        0.7386115753559364,
        0.7636005105368753
      ],
      "per_fold": [
        0.7277176321620766,
        0.7469578980690093,
        0.7358088002532447,
        0.7707439062994619,
        0.7397436221907269,
        0.7542392184652764,
        0.7299491293784167,
        0.7888299757035837,
        0.7382343796597695,
        0.7775810760220561
      ]
    }
  },
  "delong_vs_32d": {
    "argmax_layer_value (H2a)": {
      "delta_vs_32d": -0.2929920283263917,
      "p_bootstrap": 0.0
    },
    "abs(argmax_layer_value)": {
      "delta_vs_32d": -0.15581975613345467,
      "p_bootstrap": 0.0
    },
    "max_abs_dD_precomputed": {
      "delta_vs_32d": -0.056834205551752004,
      "p_bootstrap": 0.0
    },
    "signed_argmax_precomputed": {
      "delta_vs_32d": -0.24704203087199805,
      "p_bootstrap": 0.0
    },
    "best_fixed_layer L=30": {
      "delta_vs_32d": -0.11482140609157243,
      "p_bootstrap": 0.0
    },
    "argmax_layer + Evo2_LL ensemble": {
      "delta_vs_32d": -0.09267938102001039,
      "p_bootstrap": 0.0
    }
  },
  "verdict": {
    "H2a_positive": false,
    "argmax_beats_best_fixed": -0.1772179781126514,
    "argmax_beats_max_abs_dD": -0.2349830612564774,
    "argmax_reaches_32d": -0.2918648312514929
  },
  "runtime_sec": 20.48084306716919
}