feature,macro_f1,balanced_acc,n_features
32d_dD_cos_vector,0.6411425003947602,0.6170788613109693,32
1d_max_abs_dD,0.33347084417320144,0.39205560444540466,1
